medstat_id,medstat_name,n_municipalities,municipalities,any_ambiguous
AG01,Aarburg,3,Aarburg; Boningen; Olten,TRUE
AG02,Oftringen,1,Oftringen,TRUE
AG03,Zofingen,2,Uerkheim; Zofingen,TRUE
AG04,Aargaues Wiggertal,4,Brittnau; Rothrist; Strengelbach; Vordemwald,TRUE
AG05,Mühlebach-Uerke,5,Bottenwil; Holziken; Kölliken; Safenwil; Wiliberg,FALSE
AG06,Rothrist-Murgenthal,1,Murgenthal,TRUE
AG07,Aarau,2,Aarau; Suhr,TRUE
AG08,Erlinsbach-Staffelegg,6,Biberstein; Densbüren; Erlinsbach (AG); Erlinsbach (SO); Küttigen; Wölflinswil,TRUE
AG09,Buchs-Rohr,1,Buchs (AG),FALSE
AG10,NA,NA,NA,NA
AG11,Entfelden,2,Oberentfelden; Unterentfelden,FALSE
AG12,Suhretal,7,Hirschthal; Kirchleerau; Moosleerau; Muhen; Reitnau; Schöftland; Staffelbach,FALSE
AG13,Kulm,6,Gontenschwil; Leimbach (AG); Oberkulm; Schlossrued; Schmiedrued; Zetzwil,FALSE
AG14,Rupperswil-Schafisheim,3,Hunzenschwil; Rupperswil; Schafisheim,TRUE
AG15,Niederlenz-Holderbank,3,Holderbank (AG); Möriken-Wildegg; Niederlenz,FALSE
AG16,Lenzburg,3,Ammerswil; Lenzburg; Staufen,FALSE
AG17,Hallwiler See,4,Egliswil; Fahrwangen; Meisterschwanden; Seengen,TRUE
AG18,Aatal,7,Birrwil; Boniswil; Dürrenäsch; Hallwil; Leutwil; Seon; Teufenthal (AG),TRUE
AG19,Reinach-Beinwil,2,Beinwil am See; Reinach (AG),FALSE
AG20,Wynental,2,Gränichen; Unterkulm,FALSE
AG21,Menziken,1,Menziken,FALSE
AG22,Schinznach,5,Auenstein; Brugg; Schinznach; Thalheim (AG); Veltheim (AG),TRUE
AG23,Brugg,1,Rüfenach,TRUE
AG24,Windisch,2,Hausen (AG); Windisch,FALSE
AG25,Bözberg-Villigen,5,Bözberg; Mönthal; Remigen; Riniken; Villigen,TRUE
AG26,Birrfeld,6,Birr; Birrhard; Brunegg; Habsburg; Lupfig; Mülligen,TRUE
AG27,Eetel-Surb,9,Endingen; Fisibach; Lengnau (AG); Mellikon; Oberweningen; Schneisingen; Siglistorf; Tegerfelden; Zurzach,TRUE
AG28,Zurzach-Klingnau,3,Döttingen; Klingnau; Koblenz,FALSE
AG29,Leibstadt-Unteraar,5,Böttstein; Full-Reuenthal; Leibstadt; Leuggern; Mandach,FALSE
AG30,Birmenstorf-Turgi,2,Birmenstorf (AG); Gebenstorf,TRUE
AG31,Untersiggenthal-Würenlingen,2,Untersiggenthal; Würenlingen,TRUE
AG32,NA,NA,NA,NA
AG33,Fislisbach Ausserbaden,2,Baden; Fislisbach,TRUE
AG34,Ennetbaden-Ehrendingen,2,Ehrendingen; Ennetbaden,FALSE
AG35,Obersiggenthal,2,Freienwil; Obersiggenthal,FALSE
AG36,Wettingen,2,Würenlos; Wettingen,TRUE
AG37,Neuenhof-Würenlos,2,Killwangen; Neuenhof,FALSE
AG38,Spreitenbach,1,Spreitenbach,TRUE
AG39,Rohrdorf,6,Eggenwil; Künten; Niederrohrdorf; Oberrohrdorf; Remetschwil; Stetten (AG),FALSE
AG40,Mutschellen-Reppischtal,5,Bellikon; Bergdietikon; Berikon; Rudolfstetten-Friedlisberg; Widen,TRUE
AG41,Mellingen-Reusstal,7,Fischbach-Göslikon; Hägglingen; Mägenwil; Mellingen; Niederwil (AG); Tägerig; Wohlenschwil,TRUE
AG42,Bremgarten-Mutschellen,2,Bremgarten (AG); Zufikon,TRUE
AG43,Lunkhofen-Jonental,6,Arni (AG); Islisberg; Jonen; Oberlunkhofen; Oberwil-Lieli; Unterlunkhofen,FALSE
AG44,Unterbünztal,4,Dintikon; Dottikon; Hendschiken; Othmarsingen,FALSE
AG45,Wohlen,2,Villmergen; Wohlen (AG),TRUE
AG46,Villmergen-Erusbach,4,Büttikon; Bettwil; Sarmenstorf; Uezwil,TRUE
AG47,Boswil,5,Bünzen; Besenbüren; Kallern; Rottenschwil; Waltenschwil,FALSE
AG48,Muri,5,Aristau; Boswil; Buttwil; Merenschwand; Muri (AG),TRUE
AG49,Beinwil-Sins,8,Abtwil; Auw; Beinwil (Freiamt); Dietwil; Geltwil; Mühlau; Oberrüti; Sins,TRUE
AG50,Kaiseraugst-Magden,6,Arisdorf; Giebenach; Kaiseraugst; Magden; Olsberg; Rheinfelden,TRUE
AG51,NA,NA,NA,NA
AG52,Möhlin,1,Möhlin,FALSE
AG53,Möhlinbachtal-Mumpf,8,Hellikon; Mumpf; Obermumpf; Schupfart; Wallbach; Wegenstetten; Zeiningen; Zuzgen,TRUE
AG54,Stein-Sisseln,4,Eiken; Münchwilen (AG); Sisseln; Stein (AG),FALSE
AG55,Fricktal,5,Böztal; Frick; Herznach-Ueken; Oeschgen; Zeihen,FALSE
AG56,Bruggbachtal,3,Gipf-Oberfrick; Oberhof; Wittnau,FALSE
AG57,Laufenburg,5,Gansingen; Kaisten; Laufenburg; Mettauertal; Schwaderloch,TRUE
AI01,NA,NA,NA,NA
AI02,Inneres Landesteil,3,Appenzell; Gonten; Schwende-Rüte,TRUE
AR01,Appenzeller Mittelland,8,Bühler; Eggersriet; Grub (AR); Rehetobel; Speicher; St. Gallen; Trogen; Wald (AR),TRUE
AR02,Teufen-Gais,3,Gais; Schlatt-Haslen; Teufen (AR),TRUE
AR03,Appenzeller Hinterland,6,Hundwil; Schönengrund; Schwellbrunn; Stein (AR); Urnäsch; Waldstatt,TRUE
AR04,Herisau,1,Herisau,TRUE
AR05,Appenzeller Vorderland,8,Heiden; Lutzenberg; Oberegg; Reute (AR); Rorschacherberg; St. Margrethen; Walzenhausen; Wolfhalden,TRUE
BE01,NA,NA,NA,NA
BE02,NA,NA,NA,NA
BE03,NA,NA,NA,NA
BE04,NA,NA,NA,NA
BE05,NA,NA,NA,NA
BE06,NA,NA,NA,NA
BE07,NA,NA,NA,NA
BE08,NA,NA,NA,NA
BE09,Wohlen-Frauenkappelen,2,Bern; Frauenkappelen,TRUE
BE10,NA,NA,NA,NA
BE11,Bremgarten-Meikirch,4,Bremgarten bei Bern; Kirchlindach; Meikirch; Wohlen bei Bern,TRUE
BE12,Ittigen,1,Ittigen,FALSE
BE13,Zollikofen,2,Münchenbuchsee; Zollikofen,TRUE
BE14,Münchenbuchsee,3,Deisswil bei Münchenbuchsee; Schüpfen; Wiggiswil,TRUE
BE15,Bolligen-Worbletal,4,Bolligen; Ostermundigen; Stettlen; Vechigen,TRUE
BE16,NA,NA,NA,NA
BE17,Muri,3,Allmendingen; Muri bei Bern; Rubigen,TRUE
BE18,Worb,1,Worb,TRUE
BE19,NA,NA,NA,NA
BE20,NA,NA,NA,NA
BE21,Belp-Kehrsatz,2,Kehrsatz; Toffen,TRUE
BE22,Wangental-Scherli,2,Köniz; Oberbalm,TRUE
BE23,Schönbühl,4,Bäriswil; Mattstetten; Moosseedorf; Urtenen-Schönbühl,TRUE
BE24,Jegenstorf,3,Iffwil; Jegenstorf; Zuzwil (BE),FALSE
BE25,Ins-Grosses Moos,7,Erlach; Gals; Gampelen; Ins; Müntschemier; Tschugg; Vinelz,TRUE
BE26,Aarberg,3,Aarberg; Radelfingen; Seedorf (BE),TRUE
BE27,Kallnach-Grosses Moos,10,Bargen (BE); Brüttelen; Epsach; Finsterhennen; Kallnach; Kappelen; Lüscherz; Siselen; Treiten; Walperswil,TRUE
BE28,Lyss,1,Lyss,TRUE
BE29,Diessbach-Worben,4,Büetigen; Diessbach bei Büren; Dotzigen; Worben,TRUE
BE30,Lyssbach-Limpach,3,Grossaffoltern; Rapperswil (BE); Wengi,TRUE
BE31,NA,NA,NA,NA
BE32,Biel/Bienne-Madretsch,2,Brügg; Nidau,TRUE
BE33,Biel/Bienne-Bözingen,1,Orpund,TRUE
BE34,Nördlicher Bielersee,5,Biel/Bienne; Evilard; La Neuveville; Ligerz; Twann-Tüscherz,TRUE
BE35,Orpund-Pieterlen,4,Pieterlen; Safnern; Scheuren; Schwadernau,FALSE
BE36,Brügg-Studen,2,Aegerten; Studen (BE),FALSE
BE37,Nidau-Port,1,Port,FALSE
BE38,Südlicher Bielersee,10,Bühl; Bellmund; Hagneck; Hermrigen; Ipsach; Jens; Mörigen; Merzligen; Sutz-Lattrigen; Täuffelen,TRUE
BE39,La Neuveville,4,Corgémont; Nods; Orvin; Plateau de Diesse,TRUE
BE40,Basse Suze,5,Cortébert; Péry-La Heutte; Romont (BE); Sauge; Sonceboz-Sombeval,TRUE
BE41,Tavannes-Pichoux,7,Loveresse; Petit-Val; Rebévelier; Reconvilier; Saicourt; Saules (BE); Tavannes,TRUE
BE42,Court,4,Champoz; Court; Sorvilier; Valbirse,FALSE
BE43,Moutier,9,Belprahon; Corcelles (BE); Crémines; Eschert; Grandval; Moutier; Perrefitte; Roches (BE); Seehof,TRUE
BE44,Herzogenbuchsee,2,Herzogenbuchsee; Niederönz,TRUE
BE45,Thörigen-Seeberg,7,Aeschi (SO); Bettenhausen; Bleienbach; Lotzwil; Ochlenberg; Seeberg; Thörigen,TRUE
BE46,Wangen an der Aare,8,Bannwil; Berken; Graben; Heimenhausen; Inkwil; Walliswil bei Niederbipp; Walliswil bei Wangen; Wangen an der Aare,TRUE
BE47,Madiswil-Oeschenbach,6,Dürrenroth; Madiswil; Oeschenbach; Rütschelen; Ursenbach; Walterswil (BE),TRUE
BE48,Huttwil-Dürrenroth,7,Auswil; Eriswil; Huttwil; Rohrbach; Rohrbachgraben; Ufhusen; Wyssachen,TRUE
BE49,Attiswil-Bipp,6,Attiswil; Farnern; Niederbipp; Oberbipp; Rumisberg; Wiedlisbach,TRUE
BE50,NA,NA,NA,NA
BE51,Aarwangen,3,Aarwangen; Schwarzhäusern; Thunstetten,FALSE
BE52,Roggwil-Murg,6,Busswil bei Melchnau; Gondiswil; Langenthal; Reisiswil; Roggwil (BE); Wynau,TRUE
BE53,Fraubrunnen-Bätterkinden,3,Bätterkinden; Fraubrunnen; Kernenried,TRUE
BE54,Hindelbank,5,Hindelbank; Krauchthal; Lyssach; Oberburg; Rüti bei Lyssach,TRUE
BE55,Burgdorf,1,Kirchberg (BE),TRUE
BE56,Hasle-Oberburg,3,Burgdorf; Hasle bei Burgdorf; Heimiswil,TRUE
BE57,Sumiswald,3,Affoltern im Emmental; Rüegsau; Sumiswald,TRUE
BE58,Lützelflüh,2,Lützelflüh; Trachselwald,TRUE
BE59,Kirchberg,2,Aefligen; Rüdtligen-Alchenflüh,FALSE
BE60,Wynigen,8,Alchenstorf; Ersigen; Höchstetten; Hellsau; Koppigen; Rumendingen; Willadingen; Wynigen,TRUE
BE61,Utzenstorf,2,Utzenstorf; Wiler bei Utzenstorf,FALSE
BE62,Zollbrück,5,Bowil; Landiswil; Lauperswil; Rüderswil; Signau,TRUE
BE63,Oberes Emmental,6,Eggiwil; Habkern; Oberlangenegg; Röthenbach im Emmental; Schangnau; Wachseldorn,TRUE
BE64,NA,NA,NA,NA
BE65,Trub-Napf,3,Langnau im Emmental; Trub; Trubschachen,TRUE
BE66,Grosshöchstetten,7,Arni (BE); Biglen; Grosshöchstetten; Mirchel; Oberthal; Walkringen; Zäziwil,TRUE
BE67,Münsingen,1,Münsingen,TRUE
BE68,Konolfingen,6,Freimettigen; Häutligen; Konolfingen; Niederhünigen; Oberhünigen; Wichtrach,TRUE
BE69,Wichtrach,3,Jaberg; Kiesen; Oppligen,FALSE
BE70,Gürbetal,6,Belp; Gerzensee; Kaufdorf; Kirchdorf (BE); Riggisberg; Thurnen,TRUE
BE71,Seftigen-Wattenwil,5,Burgistein; Forst-Längenbühl; Gurzelen; Seftigen; Wattenwil,TRUE
BE72,Oberdiessbach,5,Brenzikofen; Heimberg; Herbligen; Linden; Oberdiessbach,TRUE
BE73,Schwarzenburg,3,Guggisberg; Rüschegg; Schwarzenburg,FALSE
BE74,Wald-Riggisberg,3,Niedermuhlern; Rüeggisberg; Wald (BE),TRUE
BE75,NA,NA,NA,NA
BE76,Thun-Westring,3,Reutigen; Thun; Uetendorf,TRUE
BE77,NA,NA,NA,NA
BE78,Steffisburg,2,Fahrni; Steffisburg,TRUE
BE79,Goldiwil-Schattenhalb,7,Buchholterberg; Eriz; Heiligenschwendi; Homberg; Horrenbach-Buchen; Teuffenthal (BE); Unterlangenegg,TRUE
BE80,Hilterfingen-Sigriswil,3,Hilterfingen; Oberhofen am Thunersee; Sigriswil,TRUE
BE81,Heimberg-Uetendorf,1,Uttigen,FALSE
BE82,Stockental,6,Amsoldingen; Blumenstein; Pohlern; Stocken-Höfen; Thierachern; Uebeschi,FALSE
BE83,Spiez,4,Aeschi bei Spiez; Krattigen; Spiez; Wimmis,TRUE
BE84,Niedersimmental,4,Därstetten; Diemtigen; Erlenbach im Simmental; Oberwil im Simmental,TRUE
BE85,Saanenland,3,Gsteig; Lauenen; Saanen,FALSE
BE86,Obersimmental,4,Boltigen; Lenk; St. Stephan; Zweisimmen,TRUE
BE87,Frutigen-Adelboden,2,Adelboden; Frutigen,TRUE
BE88,Kandertal-Kiental,3,Kandergrund; Kandersteg; Reichenbach im Kandertal,TRUE
BE89,Interlaken,6,Beatenberg; Därligen; Interlaken; Leissigen; Matten bei Interlaken; Unterseen,TRUE
BE90,Lauterbrunnen,5,Gündlischwand; Gsteigwiler; Lauterbrunnen; Saxeten; Wilderswil,TRUE
BE91,Brienzersee,7,Bönigen; Brienz (BE); Iseltwald; Niederried bei Interlaken; Oberried am Brienzersee; Ringgenberg (BE); Schwanden bei Brienz,FALSE
BE92,Grindelwald,2,Grindelwald; Lütschental,TRUE
BE93,Oberhasli,7,Brienzwiler; Guttannen; Hasliberg; Hofstetten bei Brienz; Innertkirchen; Meiringen; Schattenhalb,FALSE
BE94,Lengnau,2,Lengnau (BE); Meinisberg,FALSE
BE95,Büren-Arch,6,Arch; Büren an der Aare; Leuzigen; Meienried; Oberwil bei Büren; Rüti bei Büren,FALSE
BE96,Gümmenen-Exklaven,7,Ferenbalm; Gurbrü; Kerzers; Kriechenwil; Mühleberg; Münchenwiler; Wileroltigen,TRUE
BE97,Laupen-Neuenegg,2,Laupen; Neuenegg,TRUE
BE98,Erguel,9,Cormoret; Courtelary; La Chaux-de-Fonds; La Ferrière; Les Bois; Renan (BE); Saint-Imier; Sonvilier; Villeret,TRUE
BE99,Tramelan,2,Mont-Tramelan; Tramelan,FALSE
BL01,Oberes Laufental,12,Bärschwil; Brislach; Burg im Leimental; Dittingen; Ederswiler; Kleinlützel; Laufen; Liesberg; Röschenz; Roggenburg; Wahlen; Zwingen,TRUE
BL02,Unteres Laufental,5,Aesch (BL); Blauen; Duggingen; Grellingen; Nenzlingen,TRUE
BL03,Binningen,2,Binningen; Bottmingen,TRUE
BL04,Unteres Birsig,1,Oberwil (BL),FALSE
BL05,Oberes Birsig,4,Bättwil; Biel-Benken; Ettingen; Therwil,TRUE
BL06,Allschwil-Schönenbuch,2,Allschwil; Schönenbuch,FALSE
BL07,Birsfelden,2,Birsfelden; Muttenz,TRUE
BL08,NA,NA,NA,NA
BL09,Pratteln-Augst,3,Augst; Frenkendorf; Pratteln,TRUE
BL10,Münchenstein,1,Münchenstein,TRUE
BL11,Arlesheim,2,Arlesheim; Reinach (BL),TRUE
BL12,Oberbirstal,1,Pfeffingen,FALSE
BL13,NA,NA,NA,NA
BL14,Reigoldswilertal,6,Arboldswil; Bretzwil; Lauwil; Reigoldswil; Titterten; Ziefen,TRUE
BL15,Unterergolztal,2,Füllinsdorf; Liestal,TRUE
BL16,Liestal,1,Bubendorf,TRUE
BL17,Bubendorf,4,Lampenberg; Lupsingen; Ramlinsburg; Seltisberg,TRUE
BL18,Sissach-Lausen,5,Böckten; Itingen; Lausen; Sissach; Thürnen,TRUE
BL19,Oberergolz-Buus,10,Anwil; Buus; Hemmiken; Hersberg; Maisprach; Nusshof; Ormalingen; Rickenbach (BL); Rothenfluh; Wintersingen,TRUE
BL20,Oberhauenstein,7,Hölstein; Holderbank (SO); Langenbruck; Liedertswil; Niederdorf; Oberdorf (BL); Waldenburg,TRUE
BL21,Homburgertal,11,Buckten; Diegten; Diepflingen; Gelterkinden; Häfelfingen; Känerkinden; Läufelfingen; Rümlingen; Rünenberg; Tenniken; Wittinsburg,TRUE
BL22,Diegtertal,3,Bennwil; Eptingen; Zunzgen,TRUE
BL23,Gelterkinden-Eital,5,Kilchberg (BL); Oltingen; Tecknau; Wenslingen; Zeglingen,FALSE
BS01,Basel-City,1,Basel,TRUE
BS02,NA,NA,NA,NA
BS03,NA,NA,NA,NA
BS04,NA,NA,NA,NA
BS05,NA,NA,NA,NA
BS06,NA,NA,NA,NA
BS07,NA,NA,NA,NA
BS08,Basel-Kleinbasel,1,Riehen,TRUE
BS09,NA,NA,NA,NA
BS10,Riehen-Bettingen,1,Bettingen,FALSE
FR01,Gibloux-Nord,4,Autigny; Chénens; Cottens (FR); Gibloux,TRUE
FR02,Fribourg,2,Düdingen; Fribourg,TRUE
FR03,Belfaux,4,Belfaux; Corminboeuf; Grolley-Ponthaux; La Sonnaz,TRUE
FR04,Marly,3,Marly; Pierrafortscha; Villarsel-sur-Marly,TRUE
FR05,Le Mouret,5,Bois-d'Amont; Ferpicloz; La Roche; Le Mouret; Treyvaux,TRUE
FR06,Basse Glâne,6,Avry; Hauterive (FR); La Brillaz; Matran; Neyruz (FR); Prez,TRUE
FR07,Fribourg-Ouest,3,Givisiez; Granges-Paccot; Villars-sur-Glâne,FALSE
FR08,Gibloux-Sud,6,Echarlens; Riaz; Sâles; Semsales; Vaulruz; Vuadens,TRUE
FR09,Bulle,2,Bulle; Le Pâquier (FR),TRUE
FR10,Gibloux-Lac de Gruyère,4,Marsens; Morlon; Pont-en-Ogoz; Sorens,FALSE
FR11,Broc-Berra-Jaun,9,Botterens; Broc; Châtel-sur-Montsalvens; Corbières; Crésuz; Hauteville; Jaun; Pont-la-Ville; Val-de-Charmey,TRUE
FR12,Gruyères-Intyamon,4,Bas-Intyamon; Grandvillard; Gruyères; Haut-Intyamon,TRUE
FR13,Obersense,7,Brünisried; Giffers; Plaffeien; Plasselb; Rechthalten; St. Silvester; Tentlingen,TRUE
FR14,Tafers,4,Heitenried; Schmitten (FR); St. Ursen; Tafers,TRUE
FR15,Untersense,3,Bösingen; Ueberstorf; Wünnewil-Flamatt,TRUE
FR16,NA,NA,NA,NA
FR17,Lac francophone,4,Avenches; Courtepin; Cressier (FR); Misery-Courtion,TRUE
FR18,Vully,1,Mont-Vully,TRUE
FR19,Deutschsprachiger See,4,Gurmels; Kleinbösingen; Murten; Staatswald Galm,TRUE
FR20,Kerzers,2,Fräschels; Ried bei Kerzers,FALSE
FR21,Murten,4,Courgevaux; Greng; Meyriez; Muntelier,FALSE
FR22,Haute-Glâne,4,Le Flon; Rue; Siviriez; Ursy,TRUE
FR23,Gibloux-Ouest,8,Châtonnaye; Grangettes; Le Châtelard; Massonnens; Torny; Villaz; Villorsonnens; Vuisternens-devant-Romont,TRUE
FR24,Châtel-St-Denis,4,Châtel-Saint-Denis; La Verrerie; Remaufens; Saint-Martin (FR),TRUE
FR25,Attalens,3,Attalens; Bossonnens; Granges (Veveyse),TRUE
FR26,Romont,3,Billens-Hennens; Mézières (FR); Romont (FR),FALSE
FR27,Broye-Enclaves,6,Cheyres-Châbles; Cugy (FR); Fétigny-Ménières; Les Montets; Nuvilly; Surpierre,TRUE
FR28,Estavayer,4,Châtillon (FR); Estavayer; Lully (FR); Sévaz,TRUE
FR29,Domdidier,8,Belmont-Broye; Corcelles-près-Payerne; Delley-Portalban; Gletterens; Missy; Montagny (FR); Saint-Aubin (FR); Vallon,TRUE
GE01,Genève-Cornavin,1,Genève,TRUE
GE02,Genève-Servette-Nations,1,Pregny-Chambésy,TRUE
GE03,NA,NA,NA,NA
GE04,NA,NA,NA,NA
GE05,NA,NA,NA,NA
GE06,NA,NA,NA,NA
GE07,NA,NA,NA,NA
GE08,NA,NA,NA,NA
GE09,NA,NA,NA,NA
GE10,Grand-Lancy,2,Lancy; Onex,TRUE
GE11,NA,NA,NA,NA
GE12,Vernier Village,1,Meyrin,TRUE
GE13,Cointrin-Avanchets,1,Vernier,TRUE
GE14,NA,NA,NA,NA
GE15,Le Grand-Saconnex,1,Le Grand-Saconnex,TRUE
GE16,NA,NA,NA,NA
GE17,Cologny-Vésenaz,2,Collonge-Bellerive; Cologny,TRUE
GE18,Chêne-Conches,1,Chêne-Bougeries,FALSE
GE19,Chêne-Bourg,1,Chêne-Bourg,FALSE
GE20,Thônex,1,Thônex,FALSE
GE21,Carouge,1,Carouge (GE),FALSE
GE22,Plan-Perly,4,Bardonnex; Confignon; Perly-Certoux; Plan-les-Ouates,TRUE
GE23,Bernex-Confignon,1,Bernex,TRUE
GE24,Veyrier-Troinex,2,Troinex; Veyrier,FALSE
GE25,Mandement-Vallée du Rhône,10,Aire-la-Ville; Avully; Avusy; Cartigny; Chancy; Dardagny; Laconnex; Russin; Satigny; Soral,TRUE
GE26,Léman Rive Droite,3,Bellevue; Collex-Bossy; Genthod,TRUE
GE27,Vandoeuvres-Campagne,7,Choulex; Gy; Jussy; Meinier; Presinge; Puplinge; Vandoeuvres,FALSE
GE28,Collonge-Hermance,3,Anières; Corsier (GE); Hermance,FALSE
GE29,Versoix-Céligny,4,Céligny; Chavannes-des-Bois; Mies; Versoix,TRUE
GL01,Glarus,1,Glarus,TRUE
GL02,NA,NA,NA,NA
GL03,Ziegelbrücke,1,Glarus Nord,TRUE
GL04,NA,NA,NA,NA
GL05,Linthal,1,Glarus Süd,TRUE
GL06,NA,NA,NA,NA
GR01,NA,NA,NA,NA
GR02,Unterimboden,4,Bonaduz; Felsberg; Rhäzüns; Tamins,TRUE
GR03,Domat/Ems,1,Domat/Ems,FALSE
GR04,Fünf Dörfer,3,Trimmis; Untervaz; Zizers,TRUE
GR05,Landquart,2,Landquart; Maienfeld,TRUE
GR06,Maienfeld,3,Fläsch; Jenins; Malans,FALSE
GR07,Unteres Prättigau,5,Furna; Grüsch; Jenaz; Schiers; Seewis im Prättigau,FALSE
GR08,Klosters-Oberes Prättigau,5,Conters im Prättigau; Fideris; Küblis; Klosters; Luzein,TRUE
GR09,Davos,1,Davos,TRUE
GR10,Schanfigg,2,Arosa; Chur,TRUE
GR11,Churwalden-Lenzerheide,3,Churwalden; Lantsch/Lenz; Vaz/Obervaz,TRUE
GR12,Albula-Surses,4,Albula/Alvra; Bergün Filisur; Schmitten (GR); Surses,FALSE
GR13,Domleschg-Unterheizenberg,8,Cazis; Domleschg; Fürstenau; Masein; Rothenbrunnen; Scharans; Sils im Domleschg; Thusis,TRUE
GR14,Thusis-Viamala-Rheinwald,11,Andeer; Avers; Ferrera; Flerden; Muntogna da Schons; Rheinwald; Rongellen; Sufers; Tschappina; Urmein; Zillis-Reischen,FALSE
GR15,Flims-Laax,4,Falera; Flims; Laax; Trin,TRUE
GR16,Lumnezia-Vals-Safien,4,Ilanz/Glion; Lumnezia; Safiental; Vals,TRUE
GR17,Ilanz,3,Obersaxen Mundaun; Sagogn; Schluein,TRUE
GR18,Ruis,2,Breil/Brigels; Trun,FALSE
GR19,Disentis,4,Disentis/Mustér; Medel (Lucmagn); Sumvitg; Tujetsch,TRUE
GR20,Engiadina bassa,4,Samnaun; Scuol; Valsot; Zernez,FALSE
GR21,Val Müstair,1,Val Müstair,FALSE
GR22,St.Moritz,6,Celerina/Schlarigna; Pontresina; Samedan; Sils im Engadin/Segl; Silvaplana; St. Moritz,TRUE
GR23,Engiadin 'ota,5,Bever; La Punt Chamues-ch; Madulain; S-chanf; Zuoz,FALSE
GR24,Val Bregaglia,1,Bregaglia,TRUE
GR25,Bernina,2,Brusio; Poschiavo,FALSE
GR26,Mesolcina,12,Buseno; Calanca; Cama; Castaneda; Grono; Lostallo; Mesocco; Rossa; Roveredo (GR); San Vittore; Santa Maria in Calanca; Soazza,TRUE
JU01,Les Franches-Montagnes,10,Lajoux (JU); Le Bémont (JU); Le Noirmont; Les Breuleux; Les Enfers; Les Genevez (JU); Montfaucon; Muriaux; Saignelégier; Saulcy,TRUE
JU02,Delémont,7,Bourrignon; Delémont; Develier; Mettembert; Movelier; Pleigne; Soyhières,TRUE
JU03,La Sorne,5,Boécourt; Châtillon (JU); Courtételle; Haute-Sorne; Rossemaison,TRUE
JU04,Val Terbi,7,Beinwil (SO); Courchapoix; Courrendlin; Courroux; Mervelier; Schelten; Val Terbi,TRUE
JU05,Clos-du-Doubs-Courgenay,5,Clos du Doubs; Courgenay; Fontenais; Saint-Brais; Soubey,TRUE
JU06,Porrentruy,2,Courtedoux; Porrentruy,TRUE
JU07,Basse-Allaine-Damvant,7,Basse-Allaine; Boncourt; Bure; Courchavon; Fahy; Grandfontaine; Haute-Ajoie,FALSE
JU08,Haute-Allaine-Bonfol,7,Alle; Basse-Vendline; Coeuve; Cornol; Damphreux-Lugnez; La Baroche; Vendlincourt,TRUE
LU01,NA,NA,NA,NA
LU02,Luzern-Löwen,1,Ebikon,TRUE
LU03,NA,NA,NA,NA
LU04,Luzern-Dreilinden-Seeburg,1,Meggen,TRUE
LU05,Kriens,2,Hergiswil (NW); Kriens,TRUE
LU06,Malters-Eigental,2,Malters; Schwarzenberg,TRUE
LU07,Littau-Reussbühl,1,Luzern,TRUE
LU08,Emmenbrücke,1,Emmen,TRUE
LU09,Rothenburg-Hildisrieden,4,Hildisrieden; Rain; Rothenburg; Sempach,TRUE
LU10,Ebikon,1,Adligenswil,TRUE
LU11,Emmen-Inwil,3,Ballwil; Eschenbach (LU); Inwil,TRUE
LU12,Luzernes Reusstal,4,Buchrain; Dierikon; Gisikon; Root,TRUE
LU13,Sonnseite,2,Meierskappel; Udligenswil,FALSE
LU14,NA,NA,NA,NA
LU15,Horw,1,Horw,TRUE
LU16,Neuenkirch,1,Neuenkirch,TRUE
LU17,Beromünster,3,Beromünster; Rickenbach (LU); Schenkon,TRUE
LU18,Hochdorf,2,Hochdorf; Römerswil,TRUE
LU19,Seetal,4,Aesch (LU); Ermensee; Hitzkirch; Schongau,TRUE
LU20,Nördlicher Sempachersee,1,Eich,FALSE
LU21,Südlicher Sempachersee,4,Knutwil; Mauensee; Nottwil; Oberkirch,TRUE
LU22,Sursee,1,Sursee,FALSE
LU23,Oberes Suhretal,4,Büron; Geuensee; Schlierbach; Triengen,FALSE
LU24,Lindenberg,1,Hohenrain,TRUE
LU25,Ruswil-Grosswangen,3,Buttisholz; Grosswangen; Ruswil,TRUE
LU26,Wolhusen,3,Doppleschwand; Werthenstein; Wolhusen,TRUE
LU27,Willisau,3,Hergiswil bei Willisau; Menznau; Willisau,TRUE
LU28,Oberes Wiggertal,4,Alberswil; Altishofen; Ettiswil; Schötz,TRUE
LU29,Rottal-Luthern,6,Altbüron; Fischbach; Grossdietwil; Luthern; Melchnau; Zell (LU),TRUE
LU30,Santenberg-Wauwilermoos,4,Dagmersellen; Egolzwil; Nebikon; Wauwil,TRUE
LU31,Unteres Entlebuch,3,Entlebuch; Hasle (LU); Romoos,TRUE
LU32,Mittleres Entlebuch - Mariental,3,Flühli; Giswil; Schüpfheim,TRUE
LU33,Oberes Entlebuch,1,Escholzmatt-Marbach,TRUE
LU34,Weggis,3,Greppen; Vitznau; Weggis,FALSE
LU35,Luzernes Wiggertal,2,Reiden; Wikon,TRUE
LU36,Pfaffnau,2,Pfaffnau; Roggliswil,TRUE
NE01,NA,NA,NA,NA
NE02,Peseux-Corcelles,3,Milvignes; Neuchâtel; Rochefort,TRUE
NE03,Colombier-Gorges de l'Areuse,1,Boudry,TRUE
NE04,Boudry-Areuse,1,Cortaillod,TRUE
NE05,Bevaix-Béroche,2,Concise; La Grande Béroche,TRUE
NE06,Seyon-Vue des Alpes,1,Val-de-Ruz,TRUE
NE07,NA,NA,NA,NA
NE08,Marin-St-Blaise,1,Laténa,TRUE
NE09,Canal de Thielle,4,Cornaux; Cressier (NE); Le Landeron; Lignières,TRUE
NE10,Sagne-Martel-Brévine,7,Brot-Plamboz; La Brévine; La Chaux-du-Milieu; La Sagne; Le Cerneux-Péquignot; Les Ponts-de-Martel; Les Verrières,TRUE
NE11,Le Locle,1,Le Locle,FALSE
NE12,La Chaux-de-Fonds,1,Les Planchettes,FALSE
NE13,Bas Val de Travers,2,Provence; Val-de-Travers,TRUE
NE14,Haut Val de Travers,1,La Côte-aux-Fées,FALSE
NW01,Pilatus-Bürgenstock,1,Stansstad,FALSE
NW02,Stans,2,Ennetmoos; Stans,TRUE
NW03,Bürgenstock-Seelisberg,4,Beckenried; Buochs; Emmetten; Ennetbürgen,TRUE
NW04,Engelbergeraatal,4,Dallenwil; Engelberg; Oberdorf (NW); Wolfenschiessen,TRUE
OW01,Alpnach,1,Alpnach,TRUE
OW02,Sarnen,1,Sarnen,TRUE
OW03,Melchtal,2,Kerns; Sachseln,TRUE
OW04,Giswil-Lungern,1,Lungern,FALSE
OW05,Engelberg,1,Attinghausen,TRUE
SG01,NA,NA,NA,NA
SG02,NA,NA,NA,NA
SG03,NA,NA,NA,NA
SG04,NA,NA,NA,NA
SG05,NA,NA,NA,NA
SG06,Gaiserwald,1,Gaiserwald,TRUE
SG07,Goldach-Eggen,2,Goldach; Untereggen,TRUE
SG08,Flawil-Degersheim,2,Degersheim; Flawil,TRUE
SG09,Gossau,1,Niederbüren,TRUE
SG10,Waldkirch,3,Andwil (SG); Gossau (SG); Waldkirch,TRUE
SG11,Wittenbach-Muolen,4,Berg (SG); Häggenschwil; Muolen; Wittenbach,TRUE
SG12,Steinach-Mörschwil,3,Mörschwil; Steinach; Tübach,TRUE
SG13,Rorschach,1,Rorschach,FALSE
SG14,Rheineck,2,Rheineck; Thal,TRUE
SG15,NA,NA,NA,NA
SG16,Heerbrugg,3,Au (SG); Berneck; Widnau,TRUE
SG17,Rebstein,3,Balgach; Marbach (SG); Rebstein,TRUE
SG18,Widnau-Diepoldsau,1,Diepoldsau,TRUE
SG19,Altstätten,2,Altstätten; Eichberg,TRUE
SG20,Rheintal,2,Oberriet (SG); Rüthi (SG),TRUE
SG21,Gams-Sennwald,3,Buchs (SG); Gams; Sennwald,TRUE
SG22,Werdenberg,1,Grabs,TRUE
SG23,Wartau,2,Sevelen; Wartau,TRUE
SG24,Bad Ragaz - Taminatal,3,Bad Ragaz; Pfäfers; Vilters-Wangs,FALSE
SG25,Sargans - Weisstannental,2,Mels; Sargans,FALSE
SG26,Flums - Flumserberg,3,Flums; Quarten; Walenstadt,TRUE
SG27,Walensee,2,Amden; Weesen,FALSE
SG28,Eschenbach,2,Eschenbach (SG); Rapperswil-Jona,TRUE
SG29,Uznach,3,Schmerikon; Tuggen; Uznach,TRUE
SG30,NA,NA,NA,NA
SG31,Gaster,3,Benken (SG); Kaltbrunn; Schänis,TRUE
SG32,Rickenpass,1,Gommiswald,TRUE
SG33,Necker,2,Lütisburg; Neckertal,TRUE
SG34,Mosnang,2,Bütschwil-Ganterschwil; Mosnang,TRUE
SG35,Wattwil,2,Lichtensteig; Wattwil,TRUE
SG36,Obertoggenburg,3,Ebnat-Kappel; Nesslau; Wildhaus-Alt St. Johann,TRUE
SG37,Niederuzwil-Oberbüren,1,Oberbüren,TRUE
SG38,Untertoggenburg,2,Jonschwil; Uzwil,TRUE
SG39,Uzwil,1,Oberuzwil,TRUE
SG40,Wil,1,Wil (SG),TRUE
SG41,Zuzwil,2,Niederhelfenschwil; Zuzwil (SG),TRUE
SG42,Kirchberg,1,Kirchberg (SG),TRUE
SH01,Schaffhausen-Stadt,3,Büttenhardt; Neuhausen am Rheinfall; Schaffhausen,TRUE
SH02,NA,NA,NA,NA
SH03,NA,NA,NA,NA
SH04,Klettgau,5,Beringen; Löhningen; Neunkirch; Trasadingen; Wilchingen,FALSE
SH05,Randen,8,Bargen (SH); Beggingen; Gächlingen; Hallau; Merishausen; Oberhallau; Schleitheim; Siblingen,FALSE
SH06,Reiat,4,Dörflingen; Lohn (SH); Stetten (SH); Thayngen,FALSE
SH07,Stein am Rhein,4,Buch (SH); Hemishofen; Ramsen; Stein am Rhein,FALSE
SH08,Buchberg,2,Buchberg; Rüdlingen,FALSE
SO01,Grenchen,1,Grenchen,FALSE
SO02,Bettlach,1,Bettlach,FALSE
SO03,Aeusseres Schwarzbubenland,4,Hofstetten-Flüh; Metzerlen-Mariastein; Rodersdorf; Witterswil,FALSE
SO04,Dorneck,7,Büren (SO); Dornach; Gempen; Himmelried; Hochwald; Nuglar-St. Pantaleon; Seewen,TRUE
SO05,Thierstein,8,Büsserach; Breitenbach; Erschwil; Fehren; Grindel; Meltingen; Nunningen; Zullwil,FALSE
SO06,Erlinsbach-Kienberg,3,Kienberg; Niedergösgen; Stüsslingen,FALSE
SO07,NA,NA,NA,NA
SO08,Unteres Gäu,5,Gunzgen; Hägendorf; Kappel (SO); Rickenbach (SO); Wangen bei Olten,TRUE
SO09,Mittleres Gau,4,Egerkingen; Fulenbach; Härkingen; Neuendorf,FALSE
SO10,Oberes Gäu,5,Kestenholz; Niederbuchsiten; Oberbuchsiten; Oensingen; Wolfwil,TRUE
SO11,Trimbach,4,Hauenstein-Ifenthal; Lostorf; Trimbach; Wisen (SO),TRUE
SO12,Lostorf,2,Obergösgen; Winznau,FALSE
SO13,Dulliken,3,Dulliken; Starrkirch-Wil; Walterswil (SO),TRUE
SO14,Däniken-Schönenwerd,4,Däniken; Eppenberg-Wöschnau; Gretzenbach; Schönenwerd,FALSE
SO15,Balsthal-Passwang,5,Aedermannsdorf; Balsthal; Laupersdorf; Mümliswil-Ramiswil; Matzendorf,TRUE
SO16,Oberes Dünnern,3,Günsberg; Herbetswil; Welschenrohr-Gänsbrunnen,TRUE
SO17,Bellach-Selzach,3,Bellach; Lommiswil; Selzach,TRUE
SO18,Bucheggberg,8,Biberist; Biezwil; Buchegg; Lüsslingen-Nennigkofen; Lüterkofen-Ichertswil; Messen; Schnottwil; Unterramsern,TRUE
SO19,Solothurn,2,Solothurn; Zuchwil,TRUE
SO20,Weissenstein,9,Balm bei Günsberg; Feldbrunnen-St. Niklaus; Flumenthal; Hubersdorf; Kammersrohr; Langendorf; Oberdorf (SO); Rüttenen; Riedholz,TRUE
SO21,NA,NA,NA,NA
SO22,Solothurn-Ost,4,Deitingen; Derendingen; Luterbach; Subingen,TRUE
SO23,Derendingen-Gerlafingen,4,Gerlafingen; Kriegstetten; Obergerlafingen; Zielebach,TRUE
SO24,Wasseramt,6,Bolken; Drei Höfe; Etziken; Hüniken; Horriwil; Recherswil,FALSE
SO25,Biberist,1,Lohn-Ammannsegg,FALSE
SZ01,Küssnacht,1,Küssnacht (SZ),FALSE
SZ02,Arth-Goldau,2,Arth; Gersau,TRUE
SZ03,Lauerz-Sattel,4,Lauerz; Sattel; Steinen; Steinerberg,TRUE
SZ04,Schwyz,2,Ingenbohl; Schwyz,TRUE
SZ05,Muotathal,4,Illgau; Morschach; Muotathal; Unterschächen,TRUE
SZ06,NA,NA,NA,NA
SZ07,Rotenthurm,2,Oberägeri; Rothenthurm,TRUE
SZ08,Einsiedeln-Alpthal,1,Alpthal,FALSE
SZ09,Iberg,4,Altendorf; Einsiedeln; Oberiberg; Unteriberg,TRUE
SZ10,Wägital,2,Innerthal; Vorderthal,FALSE
SZ11,Pfäffikon-Vorderhof,1,Feusisberg,TRUE
SZ12,Wollerau-Hinterhof,2,Freienbach; Wollerau,TRUE
SZ13,Lachen,2,Galgenen; Lachen,TRUE
SZ14,Wangen-Siebnen,2,Schübelbach; Wangen (SZ),TRUE
SZ15,Tuggen-Reichenburg,1,Reichenburg,FALSE
TG01,Thurgauer Oberland,3,Bichelsee-Balterswil; Eschlikon; Fischingen,TRUE
TG02,Sirnach,3,Rickenbach (TG); Sirnach; Wilen (TG),TRUE
TG03,Wiler Thurgau,6,Affeltrangen; Bettwiesen; Braunau; Lommis; Tobel-Tägerschen; Wuppenau,TRUE
TG04,Münchwilen-Wängi,2,Münchwilen (TG); Wängi,TRUE
TG05,Aadorf-Matzingen,4,Aadorf; Frauenfeld; Matzingen; Stettfurt,TRUE
TG06,Frauenfeld,4,Felben-Wellhausen; Gachnang; Hagenbuch; Thundorf,TRUE
TG07,Unterthurtal,6,Hüttwilen; Herdern; Neunforn; Pfyn; Uesslingen-Buch; Warth-Weiningen,TRUE
TG08,Märstetten-Seerücken,7,Amlikon-Bissegg; Homburg; Märstetten; Müllheim; Raperswilen; Wäldi; Wigoltingen,TRUE
TG09,Mittelthurtal-Wolfsbühl,1,Hüttlingen,FALSE
TG10,Bürglen-Kradolf,6,Bürglen (TG); Bussnang; Kradolf-Schönenberg; Schönholzerswilen; Sulgen; Weinfelden,TRUE
TG11,NA,NA,NA,NA
TG12,Sulgen-Berg,1,Berg (TG),TRUE
TG13,Diessenhofen,3,Basadingen-Schlattingen; Diessenhofen; Schlatt (TG),TRUE
TG14,Seerücken,4,Eschenz; Mammern; Steckborn; Wagenhausen,TRUE
TG15,Untersee,5,Berlingen; Ermatingen; Gottlieben; Salenstein; Tägerwilen,TRUE
TG16,Kreuzlingen,2,Bottighofen; Kreuzlingen,TRUE
TG17,Kemmental-Töbeltal,4,Birwinken; Kemmental; Langrickenbach; Lengwil,TRUE
TG18,Münsterlingen-Güttingen,3,Altnau; Güttingen; Münsterlingen,FALSE
TG19,Amriswil,4,Amriswil; Dozwil; Hefenhofen; Sommeri,TRUE
TG20,Erlen-Sitterdorf,3,Erlen; Hohentannen; Zihlschlacht-Sitterdorf,TRUE
TG21,Romanshorn,3,Kesswil; Romanshorn; Uttwil,FALSE
TG22,Egnach,3,Egnach; Roggwil (TG); Salmsach,TRUE
TG23,Bischofszell,2,Bischofszell; Hauptwil-Gottshaus,FALSE
TG24,Arbon-Horn,2,Arbon; Horn,FALSE
TI01,Riviera,1,Riviera,TRUE
TI02,Biasca,1,Biasca,TRUE
TI03,Val Blenio,3,Acquarossa; Blenio; Serravalle,TRUE
TI04,Bassa Leventina,4,Faido; Giornico; Personico; Pollegio,TRUE
TI05,Alta Leventina,4,Airolo; Bedretto; Dalpe; Quinto,FALSE
TI06,Magadino-Gambarogno,4,Cugnasco-Gerra; Gambarogno; Lavertezzo; Locarno,TRUE
TI07,Gordola-Verzasca,5,Brione sopra Minusio; Gordola; Mergoscia; Tenero-Contra; Verzasca,TRUE
TI08,Locarno,2,Muralto; Orselina,TRUE
TI09,Losone-Centovalli-Onsernone,4,Centovalli; Losone; Onsernone; Terre di Pedemonte,FALSE
TI10,Ascona-Brissago,3,Ascona; Brissago; Ronco sopra Ascona,TRUE
TI11,Minusio-Orselina,1,Minusio,FALSE
TI12,Vallemaggia,8,Avegno Gordevio; Bosco/Gurin; Campo (Vallemaggia); Cerentino; Cevio; Lavizzara; Linescio; Maggia,FALSE
TI13,NA,NA,NA,NA
TI14,Lumino-Carasso,2,Arbedo-Castione; Lumino,FALSE
TI15,Giubiasco-Val Morobbia,1,Bellinzona,TRUE
TI16,Alto Piano di Magadino,2,Cadenazzo; Sant'Antonino,TRUE
TI17,Alto Vedeggio,5,Comunanza Cadenazzo/Monteceneri; Isone; Mezzovico-Vira; Monteceneri; Torricella-Taverne,FALSE
TI18,Alto Val d'Agno,6,Bedano; Cadempino; Gravesano; Lamone; Manno; Vezia,TRUE
TI19,Collina d'Oro-Arbòstora,6,Collina d'Oro; Grancia; Lugano; Melide; Morcote; Vico Morcote,TRUE
TI20,Lugano,2,Massagno; Paradiso,FALSE
TI21,NA,NA,NA,NA
TI22,Breganzona,2,Muzzano; Sorengo,TRUE
TI23,Magliaso-Val d'Agno,7,Agno; Aranno; Bioggio; Cademario; Magliaso; Neggio; Vernate,FALSE
TI24,Malcantone,5,Alto Malcantone; Caslano; Lema; Pura; Tresa,FALSE
TI25,Savosa-Comano,5,Canobbio; Comano; Cureglia; Porza; Savosa,FALSE
TI26,Capriasca-Valcolla,3,Capriasca; Origlio; Ponte Capriasca,TRUE
TI27,NA,NA,NA,NA
TI28,NA,NA,NA,NA
TI29,Riva-Valle Mara,5,Arogno; Bissone; Brusino Arsizio; Riva San Vitale; Val Mara,FALSE
TI30,Balerna-Novazzano,4,Balerna; Castel San Pietro; Coldrerio; Novazzano,TRUE
TI31,Chiasso,1,Chiasso,FALSE
TI32,Val di Muggio,3,Breggia; Morbio Inferiore; Vacallo,FALSE
TI33,NA,NA,NA,NA
TI34,Stabio-Meride,2,Mendrisio; Stabio,TRUE
UR01,Seelisberg,3,Isenthal; Seedorf (UR); Seelisberg,FALSE
UR02,Altdorf,4,Altdorf (UR); Flüelen; Riemenstalden; Sisikon,FALSE
UR03,Schattdorf-Schächental,3,Bürglen (UR); Schattdorf; Spiringen,TRUE
UR04,Mittleres Uri,5,Erstfeld; Göschenen; Gurtnellen; Silenen; Wassen,FALSE
UR05,Urseren,3,Andermatt; Hospental; Realp,FALSE
VD01,Avenches,3,Cudrefin; Faoug; Vully-les-Lacs,TRUE
VD02,Epalinges-Forains,2,Epalinges; Pully,TRUE
VD03,Lausanne-Centre,1,Lausanne,TRUE
VD04,NA,NA,NA,NA
VD05,NA,NA,NA,NA
VD06,NA,NA,NA,NA
VD07,Prilly,2,Jouxtens-Mézery; Prilly,FALSE
VD08,NA,NA,NA,NA
VD09,NA,NA,NA,NA
VD10,NA,NA,NA,NA
VD11,NA,NA,NA,NA
VD12,Renens,1,Renens (VD),FALSE
VD13,Ecublens-Chavannes,3,Chavannes-près-Renens; Ecublens (VD); Saint-Sulpice (VD),FALSE
VD14,Bussigny-Crissier,3,Bussigny; Crissier; Villars-Sainte-Croix,TRUE
VD15,Romanel-Cheseaux,2,Cheseaux-sur-Lausanne; Romanel-sur-Lausanne,FALSE
VD16,Hauts-de-Lausanne,5,Bretigny-sur-Morrens; Cugy (VD); Froideville; Le Mont-sur-Lausanne; Morrens (VD),FALSE
VD17,Savigny-Belmont,3,Belmont-sur-Lausanne; Lutry; Savigny,TRUE
VD18,Lutry,1,Paudex,FALSE
VD19,Basse-Venoge,4,Denges; Echandens; Lonay; Préverenges,FALSE
VD20,Morges,1,Morges,FALSE
VD21,Hauts-de-Morges,11,Aclens; Bremblens; Chigny; Clarmont; Echichens; Hautemorges; Romanel-sur-Morges; Vaux-sur-Morges; Vufflens-le-Château; Vullierens; Yens,TRUE
VD22,St-Prex,6,Denens; Lully (VD); Lussy-sur-Morges; Saint-Prex; Tolochenaz; Villars-sous-Yens,FALSE
VD23,Pied-du-Jura,13,Aubonne; Ballens; Berolle; Bière; Gimel; Le Vaud; Longirod; Marchissy; Mollens (VD); Saint-George; Saint-Livres; Saint-Oyens; Saubraz,TRUE
VD24,Aubonne-Littoral,5,Allaman; Buchillon; Etoy; Féchy; Lavigny,TRUE
VD25,Rolle-La Côte,12,Bougy-Villars; Bursinel; Bursins; Dully; Essertines-sur-Rolle; Gilly; Luins; Mont-sur-Rolle; Perroy; Rolle; Tartegnin; Vinzel,TRUE
VD26,Gland,1,Gland,FALSE
VD27,Nyon,2,Nyon; Prangins,TRUE
VD28,Bonmont,10,Arnex-sur-Nyon; Borex; Chéserex; Crans (VD); Crassier; Eysins; Gingins; Grens; La Rippe; Signy-Avenex,FALSE
VD29,Promenthouse,5,Begnins; Burtigny; Coinsins; Duillier; Vich,FALSE
VD30,Trélex-Givrine,6,Arzier-Le Muids; Bassins; Genolier; Givrins; Saint-Cergue; Trélex,TRUE
VD31,Terre-Sainte,6,Bogis-Bossey; Chavannes-de-Bogis; Commugny; Coppet; Founex; Tannay,FALSE
VD32,Puidoux-Chexbres,4,Chexbres; Puidoux; Rivaz; Saint-Saphorin (Lavaux),TRUE
VD33,Cully-Lavaux,2,Bourg-en-Lavaux; Forel (Lavaux),TRUE
VD34,Vevey,1,Vevey,FALSE
VD35,Mont-Pèlerin,4,Chardonne; Corseaux; Corsier-sur-Vevey; Jongny,FALSE
VD36,Hauts-de-la-Tour,1,Blonay - Saint-Légier,FALSE
VD37,La Tour-de-Peilz,1,La Tour-de-Peilz,FALSE
VD38,Clarens-Les Avants,1,Montreux,TRUE
VD39,Montreux-Chillon,1,Veytaux,FALSE
VD40,Villeneuve-Chablais,7,Chessel; Corbeyrier; Noville; Rennaz; Roche (VD); Villeneuve (VD); Yvorne,FALSE
VD41,Les Ormonts,4,Aigle; Leysin; Ormont-Dessous; Ormont-Dessus,TRUE
VD42,Ollon-Villars,1,Ollon,TRUE
VD43,NA,NA,NA,NA
VD44,Bex,3,Bex; Gryon; Lavey-Morcles,FALSE
VD45,Pays-d'Enhaut,3,Château-d'Oex; Rossinière; Rougemont,FALSE
VD46,Venoge-Est,9,Bettens; Bournens; Boussens; Daillens; Mex (VD); Penthalaz; Penthaz; Sullens; Vufflens-la-Ville,TRUE
VD47,Echallens,5,Assens; Echallens; Etagnières; Saint-Barthélemy (VD); Villars-le-Terroir,FALSE
VD48,Jorat-Essertines,11,Bercher; Bottens; Boulens; Essertines-sur-Yverdon; Fey; Jorat-Menthue; Montilliez; Pailly; Poliez-Pittet; Rueyres; Vuarrens,TRUE
VD49,Cossonay-Pied-du-Jura,15,Chavannes-le-Veyron; Chevilly; Cossonay; Cuarnens; Dizy; Gollion; Grancy; L'Isle; La Chaux (Cossonay); La Praz; Mauraz; Moiry; Mont-la-Ville; Montricher; Senarclens,TRUE
VD50,La Sarraz-Nozon,15,Agiez; Arnex-sur-Orbe; Bofflens; Bretonnières; Croy; Eclépens; Ferreyres; Juriens; La Sarraz; Lussery-Villars; Orny; Pompaples; Premier; Romainmôtier-Envy; Vaulion,TRUE
VD51,Orbe-Gorges,8,L'Abergement; Les Clées; Lignerolle; Montcherand; Orbe; Rances; Sergey; Valeyres-sous-Rances,FALSE
VD52,Chavornay-Talent,5,Bavois; Chavornay; Goumoëns; Oulens-sous-Echallens; Penthéréaz,TRUE
VD53,Yverdon,3,Cheseaux-Noréaz; Cuarny; Yverdon-les-Bains,TRUE
VD54,Yvonand-Menthue,18,Belmont-sur-Yverdon; Bioley-Magnoux; Chêne-Pâquier; Chavannes-le-Chêne; Cronay; Démoret; Donneloye; Ependes (VD); Molondin; Oppens; Orzens; Pomy; Rovray; Suchy; Ursins; Valeyres-sous-Ursins; Villars-Epeney; Yvonand,TRUE
VD55,Val d'Arnon-Provence,11,Bonvillars; Champagne; Corcelles-près-Concise; Fiez; Fontaines-sur-Grandson; Grandevent; Mutrux; Novalles; Onnens (VD); Tévenon; Vugelles-La Mothe,TRUE
VD56,Yverdon-Couronne,12,Baulmes; Chamblon; Champvent; Giez; Grandson; Mathod; Montagny-près-Yverdon; Orges; Suscévaz; Treycovagnes; Valeyres-sous-Montagny; Vuiteboeuf,TRUE
VD57,Balcon-du-Jura,3,Bullet; Mauborget; Sainte-Croix,TRUE
VD58,Vallorbe-Ballaigues,2,Ballaigues; Vallorbe,FALSE
VD59,Vallée de Joux,3,L'Abbaye; Le Chenit; Le Lieu,FALSE
VD60,Moudon-Thierrens,8,Bussy-sur-Moudon; Chavannes-sur-Moudon; Montanaire; Moudon; Ogens; Prévondavaux; Syens; Villars-le-Comte,TRUE
VD61,Haut-Jorat,9,Corcelles-le-Jorat; Hermenches; Jorat-Mézières; Montpreveyres; Ropraz; Rossenges; Servion; Vucherens; Vulliens,FALSE
VD62,Oron-Palézieux,2,Maracon; Oron,FALSE
VD63,Moyenne-Broye,11,Champtauroz; Curtilles; Dompierre (VD); Henniez; Lovatens; Lucens; Prévonloup; Trey; Treytorrens (Payerne); Valbroye; Villarzel,TRUE
VD64,Payerne,3,Chevroux; Grandcour; Payerne,FALSE
VS01,Goms,9,Bellwald; Binn; Ernen; Fiesch; Fieschertal; Goms; Grengiols; Lax; Obergoms,FALSE
VS02,Brig-Glis,1,Brig-Glis,FALSE
VS03,Simplonpass,4,Ried-Brig; Simplon; Termen; Zwischbergen,TRUE
VS04,Naters-Mörel,6,Bettmeralp; Bister; Bitsch; Mörel-Filet; Naters; Riederalp,TRUE
VS05,Saastal,9,Eisten; Embd; Saas-Almagell; Saas-Balen; Saas-Fee; Saas-Grund; Stalden (VS); Staldenried; Törbel,TRUE
VS06,Raron-Lötschental,11,Ausserberg; Bürchen; Blatten; Eischoll; Ferden; Kippel; Niedergesteln; Raron; Steg-Hohtenn; Unterbäch; Wiler (Lötschen),TRUE
VS07,Zermatt,1,Zermatt,FALSE
VS08,Mattertal,4,Grächen; Randa; St. Niklaus; Täsch,FALSE
VS09,Visp,6,Baltschieder; Eggerberg; Lalden; Visp; Visperterminen; Zeneggen,TRUE
VS10,Susten-Gampel,6,Agarn; Ergisch; Gampel-Bratsch; Leuk; Oberems; Turtmann-Unterems,TRUE
VS11,Leuk-Leukerbad,6,Albinen; Guttet-Feschel; Inden; Leukerbad; Salgesch; Varen,TRUE
VS12,Chalais-Lens,6,Chalais; Grône; Icogne; Lens; Saint-Léonard; Sierre,TRUE
VS13,Sierre,2,Anniviers; Chippis,TRUE
VS14,NA,NA,NA,NA
VS15,NA,NA,NA,NA
VS16,Hauts-de-Sierre,2,Crans-Montana; Noble-Contrée,TRUE
VS17,Sion,2,Grimisuat; Savièse,TRUE
VS18,Chamoson-Vétroz,3,Ardon; Chamoson; Vétroz,TRUE
VS19,Sion-Couronne Est,2,Arbaz; Ayent,TRUE
VS20,Hérens,5,Evolène; Hérémence; Mont-Noble; Saint-Martin (VS); Vex,TRUE
VS21,Conthey,1,Conthey,TRUE
VS22,NA,NA,NA,NA
VS23,Nendaz,3,Nendaz; Sion; Veysonnaz,TRUE
VS24,Forclaz-Vallée du Trient,9,Bovernier; Collonges; Dorénaz; Finhaut; Martigny; Martigny-Combe; Salvan; Trient; Vernayaz,TRUE
VS25,Charrat-Riddes,3,Isérables; Riddes; Saxon,FALSE
VS26,Fully-Leytron,3,Fully; Leytron; Saillon,FALSE
VS27,NA,NA,NA,NA
VS28,Entremont,4,Bourg-Saint-Pierre; Liddes; Orsières; Sembrancher,FALSE
VS29,Bagnes,1,Val de Bagnes,TRUE
VS30,Collombey-Muraz,2,Collombey-Muraz; Vionnaz,TRUE
VS31,St-Maurice,4,Evionnaz; Massongex; Saint-Maurice; Vérossaz,TRUE
VS32,Monthey,1,Monthey,TRUE
VS33,Val d'Illiez,3,Champéry; Troistorrents; Val-d'Illiez,TRUE
VS34,Bas-Chablais Valaisan,3,Port-Valais; Saint-Gingolph; Vouvry,TRUE
ZG01,NA,NA,NA,NA
ZG02,Cham,1,Steinhausen,TRUE
ZG03,Menzingen,2,Baar; Neuheim,TRUE
ZG04,NA,NA,NA,NA
ZG05,Aegeri,2,Menzingen; Unterägeri,TRUE
ZG06,Walchwil,2,Walchwil; Zug,TRUE
ZG07,Hünenberg-Rotkreuz,3,Cham; Hünenberg; Risch,TRUE
ZG08,NA,NA,NA,NA
ZH01,Zürich-City,1,Zürich,TRUE
ZH02,NA,NA,NA,NA
ZH03,NA,NA,NA,NA
ZH04,NA,NA,NA,NA
ZH05,NA,NA,NA,NA
ZH06,NA,NA,NA,NA
ZH07,NA,NA,NA,NA
ZH08,NA,NA,NA,NA
ZH09,NA,NA,NA,NA
ZH10,Zürich-Leimbach-Albisgütli,1,Adliswil,TRUE
ZH11,Zürich-Zürichberg,1,Dübendorf,TRUE
ZH12,NA,NA,NA,NA
ZH13,NA,NA,NA,NA
ZH14,NA,NA,NA,NA
ZH15,NA,NA,NA,NA
ZH16,NA,NA,NA,NA
ZH17,NA,NA,NA,NA
ZH18,Zürich-Seebach,1,Opfikon,TRUE
ZH19,NA,NA,NA,NA
ZH20,NA,NA,NA,NA
ZH21,Regensdorf,1,Regensdorf,FALSE
ZH22,Maur-Fällanden,2,Fällanden; Maur,TRUE
ZH23,Glattbrugg,1,Rümlang,TRUE
ZH24,Kloten,1,Kloten,TRUE
ZH25,Bassersdorf-Nürensdorf,2,Bassersdorf; Nürensdorf,FALSE
ZH26,Dietlikon-Wangen-Brüttisellen,2,Dietlikon; Wangen-Brüttisellen,TRUE
ZH27,Dübendorf,1,Schwerzenbach,TRUE
ZH28,Volketswil,1,Volketswil,TRUE
ZH29,Engstringen-Weiningen,3,Oberengstringen; Unterengstringen; Weiningen (ZH),TRUE
ZH30,Birmensdorf,3,Aesch (ZH); Birmensdorf (ZH); Uitikon,TRUE
ZH31,Urdorf,2,Schlieren; Urdorf,TRUE
ZH32,Fahrweid-Oetwil,2,Geroldswil; Oetwil an der Limmat,FALSE
ZH33,NA,NA,NA,NA
ZH34,Dietikon,1,Dietikon,FALSE
ZH35,Bonstetten-Reppischtal,3,Bonstetten; Stallikon; Wettswil am Albis,TRUE
ZH36,Affoltern am Albis,3,Affoltern am Albis; Hedingen; Obfelden,TRUE
ZH37,Obfelden,2,Maschwanden; Ottenbach,FALSE
ZH38,Knonaueramt,6,Aeugst am Albis; Hausen am Albis; Kappel am Albis; Knonau; Mettmenstetten; Rifferswil,TRUE
ZH39,NA,NA,NA,NA
ZH40,Langnau am Albis,2,Langnau am Albis; Thalwil,TRUE
ZH41,Thalwil,1,Oberrieden,FALSE
ZH42,Kilchberg-Rüschlikon,2,Kilchberg (ZH); Rüschlikon,FALSE
ZH43,Wädenswil,1,Wädenswil,TRUE
ZH44,Richterswil,1,Richterswil,FALSE
ZH45,Horgen,1,Horgen,TRUE
ZH46,NA,NA,NA,NA
ZH47,Zollikon,1,Zollikon,FALSE
ZH48,Zumikon-Forch,2,Küsnacht (ZH); Zumikon,TRUE
ZH49,Egg bei Zürich,1,Egg,TRUE
ZH50,Oetwil-Hombrechtikon,3,Hombrechtikon; Männedorf; Oetwil am See,TRUE
ZH51,NA,NA,NA,NA
ZH52,Herrliberg-Erlenbach,2,Erlenbach (ZH); Herrliberg,FALSE
ZH53,Meilen,1,Meilen,FALSE
ZH54,Männedorf-Uetikon,1,Uetikon am See,FALSE
ZH55,Stäfa,1,Stäfa,TRUE
ZH56,Fehraltorf,3,Fehraltorf; Russikon; Wildberg,TRUE
ZH57,Wila-Tösstal,2,Bauma; Wila,FALSE
ZH58,Pfäffikon ZH,1,Pfäffikon,TRUE
ZH59,Bäretswil-Hittnau,2,Bäretswil; Hittnau,TRUE
ZH60,Hinwil,1,Hinwil,TRUE
ZH61,Wald-Tösstal,3,Fischenthal; Rüti (ZH); Wald (ZH),TRUE
ZH62,Greifensee,1,Greifensee,FALSE
ZH63,Wetzikon,3,Mönchaltorf; Seegräben; Wetzikon (ZH),TRUE
ZH64,Bubikon-Dürnten,2,Bubikon; Dürnten,TRUE
ZH65,Uster,1,Uster,TRUE
ZH66,Mönchaltorf-Gossau-Grüningen,2,Gossau (ZH); Grüningen,FALSE
ZH67,NA,NA,NA,NA
ZH68,Effretikon-Kemptthal,1,Illnau-Effretikon,TRUE
ZH69,Illnau-Weisslingen,1,Weisslingen,TRUE
ZH70,Lindau-Brütten,2,Brütten; Lindau,TRUE
ZH71,Elgg-Elsau,3,Elgg; Elsau; Schlatt (ZH),TRUE
ZH72,NA,NA,NA,NA
ZH73,Winterthur-Oberwinterthur,1,Winterthur,TRUE
ZH74,NA,NA,NA,NA
ZH75,NA,NA,NA,NA
ZH76,NA,NA,NA,NA
ZH77,Neftenbach,3,Dättlikon; Neftenbach; Pfungen,FALSE
ZH78,Seuzach,3,Dägerlen; Hettlingen; Seuzach,FALSE
ZH79,Wiesendangen-Ellikon,4,Dinhard; Ellikon an der Thur; Rickenbach (ZH); Wiesendangen,TRUE
ZH80,Untertösstal,2,Turbenthal; Zell (ZH),TRUE
ZH81,Feuerthalen-Uhwiesen,4,Dachsen; Feuerthalen; Flurlingen; Laufen-Uhwiesen,TRUE
ZH82,Südweinland,7,Andelfingen; Berg am Irchel; Buch am Irchel; Dorf; Flaach; Henggart; Volken,FALSE
ZH83,Nordweinland,5,Benken (ZH); Kleinandelfingen; Marthalen; Rheinau; Trüllikon,TRUE
ZH84,Ostweinland,5,Altikon; Ossingen; Stammheim; Thalheim an der Thur; Truttikon,TRUE
ZH85,Hasli-Glatt,4,Niederglatt; Niederhasli; Oberglatt; Steinmaur,TRUE
ZH86,Dielsdorf-Wehntal,6,Boppelsen; Dielsdorf; Niederweningen; Regensberg; Schöfflisdorf; Schleinikon,TRUE
ZH87,Stadel,6,Bachs; Höri; Hochfelden; Neerach; Stadel; Weiach,TRUE
ZH88,Bülach,3,Bülach; Bachenbülach; Winkel,TRUE
ZH89,NA,NA,NA,NA
ZH90,Glattfelden-Rafz,6,Eglisau; Glattfelden; Hüntwangen; Rafz; Wasterkingen; Wil (ZH),FALSE
ZH91,Embrach,5,Embrach; Freienstein-Teufen; Lufingen; Oberembrach; Rorbas,FALSE
ZH92,Unterfurttal,5,Buchs (ZH); Dällikon; Dänikon; Hüttikon; Otelfingen,FALSE
ZH93,Wallisellen,1,Wallisellen,FALSE
